insert into bbs03 values (bbs03_seq.nextval,'제목1','내용1','root', sysdate);
insert into bbs03 values (bbs03_seq.nextval,'제목2','내용2','user01', sysdate);
insert into bbs03 values (bbs03_seq.nextval,'제목3','내용3','user02', sysdate);
insert into bbs03 values (bbs03_seq.nextval,'제목4','내용4','root', sysdate);
insert into bbs03 values (bbs03_seq.nextval,'제목5','내용5','user01', sysdate);
insert into bbs03 values (bbs03_seq.nextval,'제목6','내용6','user02', sysdate);
insert into bbs03 values (bbs03_seq.nextval,'제목7','내용7','root', sysdate);
insert into bbs03 values (bbs03_seq.nextval,'제목8','내용8','user01', sysdate);
insert into bbs03 values (bbs03_seq.nextval,'제목9','내용9','user02', sysdate);
insert into bbs03 values (bbs03_seq.nextval,'제목10','내용10','root', sysdate);
insert into bbs03 values (bbs03_seq.nextval,'제목11','내용11','user01', sysdate);
insert into bbs03 values (bbs03_seq.nextval,'제목12','내용12','user02', sysdate);
insert into bbs03 values (bbs03_seq.nextval,'제목13','내용13','root', sysdate);
insert into bbs03 values (bbs03_seq.nextval,'제목14','내용14','user01', sysdate);
insert into bbs03 values (bbs03_seq.nextval,'제목15','내용15','user02', sysdate);
insert into bbs03 values (bbs03_seq.nextval,'제목16','내용16','root', sysdate);
insert into bbs03 values (bbs03_seq.nextval,'제목17','내용17','user01', sysdate);
insert into bbs03 values (bbs03_seq.nextval,'제목18','내용18','user02', sysdate);
insert into bbs03 values (bbs03_seq.nextval,'제목19','내용19','root', sysdate);
insert into bbs03 values (bbs03_seq.nextval,'제목20','내용20','user01', sysdate);
insert into bbs03 values (bbs03_seq.nextval,'제목21','내용21','user02', sysdate);
insert into bbs03 values (bbs03_seq.nextval,'제목22','내용22','root', sysdate);
insert into bbs03 values (bbs03_seq.nextval,'제목23','내용23','user01', sysdate);
insert into bbs03 values (bbs03_seq.nextval,'제목24','내용24','user02', sysdate);
insert into bbs03 values (bbs03_seq.nextval,'제목25','내용25','root', sysdate);
insert into bbs03 values (bbs03_seq.nextval,'제목26','내용26','user01', sysdate);
insert into bbs03 values (bbs03_seq.nextval,'제목27','내용27','user02', sysdate);
insert into bbs03 values (bbs03_seq.nextval,'제목28','내용28','root', sysdate);
insert into bbs03 values (bbs03_seq.nextval,'제목29','내용29','user01', sysdate);
insert into bbs03 values (bbs03_seq.nextval,'제목30','내용30','user02', sysdate);
insert into bbs03 values (bbs03_seq.nextval,'제목31','내용31','root', sysdate);
insert into bbs03 values (bbs03_seq.nextval,'제목32','내용32','user01', sysdate);
insert into bbs03 values (bbs03_seq.nextval,'제목33','내용33','user02', sysdate);
insert into bbs03 values (bbs03_seq.nextval,'제목34','내용34','root', sysdate);
insert into bbs03 values (bbs03_seq.nextval,'제목35','내용35','user01', sysdate);
insert into bbs03 values (bbs03_seq.nextval,'제목36','내용36','user02', sysdate);
insert into bbs03 values (bbs03_seq.nextval,'제목37','내용37','root', sysdate);
insert into bbs03 values (bbs03_seq.nextval,'제목38','내용38','user01', sysdate);
insert into bbs03 values (bbs03_seq.nextval,'제목39','내용39','user02', sysdate);
insert into bbs03 values (bbs03_seq.nextval,'제목40','내용40','root', sysdate);
insert into bbs03 values (bbs03_seq.nextval,'제목41','내용41','user01', sysdate);
insert into bbs03 values (bbs03_seq.nextval,'제목42','내용42','user02', sysdate);
insert into bbs03 values (bbs03_seq.nextval,'제목43','내용43','root', sysdate);
insert into bbs03 values (bbs03_seq.nextval,'제목44','내용44','user01', sysdate);
insert into bbs03 values (bbs03_seq.nextval,'제목45','내용45','user02', sysdate);
insert into bbs03 values (bbs03_seq.nextval,'제목46','내용46','root', sysdate);
insert into bbs03 values (bbs03_seq.nextval,'제목47','내용47','user01', sysdate);
insert into bbs03 values (bbs03_seq.nextval,'제목48','내용48','user02', sysdate);
insert into bbs03 values (bbs03_seq.nextval,'제목49','내용49','root', sysdate);
insert into bbs03 values (bbs03_seq.nextval,'제목50','내용50','user01', sysdate);
insert into bbs03 values (bbs03_seq.nextval,'제목51','내용51','user02', sysdate);
insert into bbs03 values (bbs03_seq.nextval,'제목52','내용52','root', sysdate);
insert into bbs03 values (bbs03_seq.nextval,'제목53','내용53','user01', sysdate);
insert into bbs03 values (bbs03_seq.nextval,'제목54','내용54','user02', sysdate);
insert into bbs03 values (bbs03_seq.nextval,'제목55','내용55','root', sysdate);
insert into bbs03 values (bbs03_seq.nextval,'제목56','내용56','user01', sysdate);
insert into bbs03 values (bbs03_seq.nextval,'제목57','내용57','user02', sysdate);
insert into bbs03 values (bbs03_seq.nextval,'제목58','내용58','root', sysdate);
insert into bbs03 values (bbs03_seq.nextval,'제목59','내용59','user01', sysdate);
insert into bbs03 values (bbs03_seq.nextval,'제목60','내용60','user02', sysdate);
insert into bbs03 values (bbs03_seq.nextval,'제목61','내용61','root', sysdate);
insert into bbs03 values (bbs03_seq.nextval,'제목62','내용62','user01', sysdate);
insert into bbs03 values (bbs03_seq.nextval,'제목63','내용63','user02', sysdate);
insert into bbs03 values (bbs03_seq.nextval,'제목64','내용64','root', sysdate);
insert into bbs03 values (bbs03_seq.nextval,'제목65','내용65','user01', sysdate);
insert into bbs03 values (bbs03_seq.nextval,'제목66','내용66','user02', sysdate);
insert into bbs03 values (bbs03_seq.nextval,'제목67','내용67','root', sysdate);
insert into bbs03 values (bbs03_seq.nextval,'제목68','내용68','user01', sysdate);
insert into bbs03 values (bbs03_seq.nextval,'제목69','내용69','user02', sysdate);
insert into bbs03 values (bbs03_seq.nextval,'제목70','내용70','root', sysdate);
insert into bbs03 values (bbs03_seq.nextval,'제목71','내용71','user01', sysdate);
insert into bbs03 values (bbs03_seq.nextval,'제목72','내용72','user02', sysdate);
insert into bbs03 values (bbs03_seq.nextval,'제목73','내용73','root', sysdate);
insert into bbs03 values (bbs03_seq.nextval,'제목74','내용74','user01', sysdate);
insert into bbs03 values (bbs03_seq.nextval,'제목75','내용75','user02', sysdate);
insert into bbs03 values (bbs03_seq.nextval,'제목76','내용76','root', sysdate);
insert into bbs03 values (bbs03_seq.nextval,'제목77','내용77','user01', sysdate);
insert into bbs03 values (bbs03_seq.nextval,'제목78','내용78','user02', sysdate);
insert into bbs03 values (bbs03_seq.nextval,'제목79','내용79','root', sysdate);
insert into bbs03 values (bbs03_seq.nextval,'제목80','내용80','user01', sysdate);
insert into bbs03 values (bbs03_seq.nextval,'제목81','내용81','user02', sysdate);
insert into bbs03 values (bbs03_seq.nextval,'제목82','내용82','root', sysdate);
insert into bbs03 values (bbs03_seq.nextval,'제목83','내용83','user01', sysdate);
insert into bbs03 values (bbs03_seq.nextval,'제목84','내용84','user02', sysdate);
insert into bbs03 values (bbs03_seq.nextval,'제목85','내용85','root', sysdate);
insert into bbs03 values (bbs03_seq.nextval,'제목86','내용86','user01', sysdate);
insert into bbs03 values (bbs03_seq.nextval,'제목87','내용87','user02', sysdate);
insert into bbs03 values (bbs03_seq.nextval,'제목88','내용88','root', sysdate);
insert into bbs03 values (bbs03_seq.nextval,'제목89','내용89','user01', sysdate);
insert into bbs03 values (bbs03_seq.nextval,'제목90','내용90','user02', sysdate);
insert into bbs03 values (bbs03_seq.nextval,'제목91','내용91','root', sysdate);
insert into bbs03 values (bbs03_seq.nextval,'제목92','내용92','user01', sysdate);
insert into bbs03 values (bbs03_seq.nextval,'제목93','내용93','user02', sysdate);
insert into bbs03 values (bbs03_seq.nextval,'제목94','내용94','root', sysdate);
insert into bbs03 values (bbs03_seq.nextval,'제목95','내용95','user01', sysdate);
insert into bbs03 values (bbs03_seq.nextval,'제목96','내용96','user02', sysdate);
insert into bbs03 values (bbs03_seq.nextval,'제목97','내용97','root', sysdate);
insert into bbs03 values (bbs03_seq.nextval,'제목98','내용98','user01', sysdate);
insert into bbs03 values (bbs03_seq.nextval,'제목99','내용99','user02', sysdate);
insert into bbs03 values (bbs03_seq.nextval,'제목100','내용100','root', sysdate);
insert into bbs03 values (bbs03_seq.nextval,'제목101','내용101','user01', sysdate);
insert into bbs03 values (bbs03_seq.nextval,'제목102','내용102','user02', sysdate);
insert into bbs03 values (bbs03_seq.nextval,'제목103','내용103','root', sysdate);
insert into bbs03 values (bbs03_seq.nextval,'제목104','내용104','user01', sysdate);
insert into bbs03 values (bbs03_seq.nextval,'제목105','내용105','user02', sysdate);
insert into bbs03 values (bbs03_seq.nextval,'제목106','내용106','root', sysdate);
insert into bbs03 values (bbs03_seq.nextval,'제목107','내용107','user01', sysdate);
insert into bbs03 values (bbs03_seq.nextval,'제목108','내용108','user02', sysdate);
insert into bbs03 values (bbs03_seq.nextval,'제목109','내용109','root', sysdate);
insert into bbs03 values (bbs03_seq.nextval,'제목110','내용110','user01', sysdate);
insert into bbs03 values (bbs03_seq.nextval,'제목111','내용111','user02', sysdate);
insert into bbs03 values (bbs03_seq.nextval,'제목112','내용112','root', sysdate);
insert into bbs03 values (bbs03_seq.nextval,'제목113','내용113','user01', sysdate);
insert into bbs03 values (bbs03_seq.nextval,'제목114','내용114','user02', sysdate);
insert into bbs03 values (bbs03_seq.nextval,'제목115','내용115','root', sysdate);
insert into bbs03 values (bbs03_seq.nextval,'제목116','내용116','user01', sysdate);
insert into bbs03 values (bbs03_seq.nextval,'제목117','내용117','user02', sysdate);
insert into bbs03 values (bbs03_seq.nextval,'제목118','내용118','root', sysdate);
insert into bbs03 values (bbs03_seq.nextval,'제목119','내용119','user01', sysdate);
insert into bbs03 values (bbs03_seq.nextval,'제목120','내용120','user02', sysdate);
insert into bbs03 values (bbs03_seq.nextval,'제목121','내용121','root', sysdate);
insert into bbs03 values (bbs03_seq.nextval,'제목122','내용122','user01', sysdate);
insert into bbs03 values (bbs03_seq.nextval,'제목123','내용123','user02', sysdate);
insert into bbs03 values (bbs03_seq.nextval,'제목124','내용124','root', sysdate);
insert into bbs03 values (bbs03_seq.nextval,'제목125','내용125','user01', sysdate);
insert into bbs03 values (bbs03_seq.nextval,'제목126','내용126','user02', sysdate);
insert into bbs03 values (bbs03_seq.nextval,'제목127','내용127','root', sysdate);
insert into bbs03 values (bbs03_seq.nextval,'제목128','내용128','user01', sysdate);
insert into bbs03 values (bbs03_seq.nextval,'제목129','내용129','user02', sysdate);
insert into bbs03 values (bbs03_seq.nextval,'제목130','내용130','root', sysdate);
insert into bbs03 values (bbs03_seq.nextval,'제목131','내용131','user01', sysdate);
insert into bbs03 values (bbs03_seq.nextval,'제목132','내용132','user02', sysdate);
insert into bbs03 values (bbs03_seq.nextval,'제목133','내용133','root', sysdate);
insert into bbs03 values (bbs03_seq.nextval,'제목134','내용134','user01', sysdate);
insert into bbs03 values (bbs03_seq.nextval,'제목135','내용135','user02', sysdate);
insert into bbs03 values (bbs03_seq.nextval,'제목136','내용136','root', sysdate);
insert into bbs03 values (bbs03_seq.nextval,'제목137','내용137','user01', sysdate);
insert into bbs03 values (bbs03_seq.nextval,'제목138','내용138','user02', sysdate);
insert into bbs03 values (bbs03_seq.nextval,'제목139','내용139','root', sysdate);
insert into bbs03 values (bbs03_seq.nextval,'제목140','내용140','user01', sysdate);
insert into bbs03 values (bbs03_seq.nextval,'제목141','내용141','user02', sysdate);
insert into bbs03 values (bbs03_seq.nextval,'제목142','내용142','root', sysdate);
insert into bbs03 values (bbs03_seq.nextval,'제목143','내용143','user01', sysdate);
insert into bbs03 values (bbs03_seq.nextval,'제목144','내용144','user02', sysdate);
insert into bbs03 values (bbs03_seq.nextval,'제목145','내용145','root', sysdate);
insert into bbs03 values (bbs03_seq.nextval,'제목146','내용146','user01', sysdate);
insert into bbs03 values (bbs03_seq.nextval,'제목147','내용147','user02', sysdate);
insert into bbs03 values (bbs03_seq.nextval,'제목148','내용148','root', sysdate);
insert into bbs03 values (bbs03_seq.nextval,'제목149','내용149','user01', sysdate);
insert into bbs03 values (bbs03_seq.nextval,'제목150','내용150','user02', sysdate);
insert into bbs03 values (bbs03_seq.nextval,'제목151','내용151','root', sysdate);
insert into bbs03 values (bbs03_seq.nextval,'제목152','내용152','user01', sysdate);
insert into bbs03 values (bbs03_seq.nextval,'제목153','내용153','user02', sysdate);
insert into bbs03 values (bbs03_seq.nextval,'제목154','내용154','root', sysdate);
insert into bbs03 values (bbs03_seq.nextval,'제목155','내용155','user01', sysdate);
insert into bbs03 values (bbs03_seq.nextval,'제목156','내용156','user02', sysdate);
insert into bbs03 values (bbs03_seq.nextval,'제목157','내용157','root', sysdate);
insert into bbs03 values (bbs03_seq.nextval,'제목158','내용158','user01', sysdate);
insert into bbs03 values (bbs03_seq.nextval,'제목159','내용159','user02', sysdate);
insert into bbs03 values (bbs03_seq.nextval,'제목160','내용160','root', sysdate);
insert into bbs03 values (bbs03_seq.nextval,'제목161','내용161','user01', sysdate);
insert into bbs03 values (bbs03_seq.nextval,'제목162','내용162','user02', sysdate);
insert into bbs03 values (bbs03_seq.nextval,'제목163','내용163','root', sysdate);
insert into bbs03 values (bbs03_seq.nextval,'제목164','내용164','user01', sysdate);
insert into bbs03 values (bbs03_seq.nextval,'제목165','내용165','user02', sysdate);
insert into bbs03 values (bbs03_seq.nextval,'제목166','내용166','root', sysdate);
insert into bbs03 values (bbs03_seq.nextval,'제목167','내용167','user01', sysdate);
insert into bbs03 values (bbs03_seq.nextval,'제목168','내용168','user02', sysdate);
insert into bbs03 values (bbs03_seq.nextval,'제목169','내용169','root', sysdate);
insert into bbs03 values (bbs03_seq.nextval,'제목170','내용170','user01', sysdate);
insert into bbs03 values (bbs03_seq.nextval,'제목171','내용171','user02', sysdate);
insert into bbs03 values (bbs03_seq.nextval,'제목172','내용172','root', sysdate);
insert into bbs03 values (bbs03_seq.nextval,'제목173','내용173','user01', sysdate);
insert into bbs03 values (bbs03_seq.nextval,'제목174','내용174','user02', sysdate);
insert into bbs03 values (bbs03_seq.nextval,'제목175','내용175','root', sysdate);
insert into bbs03 values (bbs03_seq.nextval,'제목176','내용176','user01', sysdate);
insert into bbs03 values (bbs03_seq.nextval,'제목177','내용177','user02', sysdate);
insert into bbs03 values (bbs03_seq.nextval,'제목178','내용178','root', sysdate);
insert into bbs03 values (bbs03_seq.nextval,'제목179','내용179','user01', sysdate);
insert into bbs03 values (bbs03_seq.nextval,'제목180','내용180','user02', sysdate);
insert into bbs03 values (bbs03_seq.nextval,'제목181','내용181','root', sysdate);
insert into bbs03 values (bbs03_seq.nextval,'제목182','내용182','user01', sysdate);
insert into bbs03 values (bbs03_seq.nextval,'제목183','내용183','user02', sysdate);
insert into bbs03 values (bbs03_seq.nextval,'제목184','내용184','root', sysdate);
insert into bbs03 values (bbs03_seq.nextval,'제목185','내용185','user01', sysdate);
insert into bbs03 values (bbs03_seq.nextval,'제목186','내용186','user02', sysdate);
insert into bbs03 values (bbs03_seq.nextval,'제목187','내용187','root', sysdate);
insert into bbs03 values (bbs03_seq.nextval,'제목188','내용188','user01', sysdate);
insert into bbs03 values (bbs03_seq.nextval,'제목189','내용189','user02', sysdate);
insert into bbs03 values (bbs03_seq.nextval,'제목190','내용190','root', sysdate);
insert into bbs03 values (bbs03_seq.nextval,'제목191','내용191','user01', sysdate);
insert into bbs03 values (bbs03_seq.nextval,'제목192','내용192','user02', sysdate);
insert into bbs03 values (bbs03_seq.nextval,'제목193','내용193','root', sysdate);
insert into bbs03 values (bbs03_seq.nextval,'제목194','내용194','user01', sysdate);
insert into bbs03 values (bbs03_seq.nextval,'제목195','내용195','user02', sysdate);
insert into bbs03 values (bbs03_seq.nextval,'제목196','내용196','root', sysdate);
insert into bbs03 values (bbs03_seq.nextval,'제목197','내용197','user01', sysdate);
insert into bbs03 values (bbs03_seq.nextval,'제목198','내용198','user02', sysdate);
insert into bbs03 values (bbs03_seq.nextval,'제목199','내용199','root', sysdate);
insert into bbs03 values (bbs03_seq.nextval,'제목200','내용200','user01', sysdate);